{"cameraMode":{"drawMode":0,"name":"Shaded","section":"Shading Mode"},"sceneLighting":true,"audioPlay":false,"sceneViewState":{"m_AlwaysRefresh":false,"showFog":true,"showSkybox":true,"showFlares":true,"showImageEffects":true,"showParticleSystems":true,"showVisualEffectGraphs":true,"m_FxEnabled":true},"in2DMode":false,"pivot":{"x":-2.4719316959381105,"y":1.4894161224365235,"z":-1.6760631799697877},"rotation":{"x":-0.20358191430568696,"y":0.6846643686294556,"z":-0.20865218341350556,"w":-0.6680263876914978},"size":28.919267654418947,"orthographic":false}